customer_id,order_id,typeoforder,budget
C450,O001,Delivery,367.21
C983,O002,Takeaway,342.41
C941,O003,Delivery,205.95
C164,O004,Takeaway,116.74
C1610,O005,Delivery,420.55
C1305,O006,Takeaway,459.87
C1567,O007,Takeaway,201.59
C938,O008,Takeaway,412.04
C794,O009,Delivery,403.35
C1422,O010,Takeaway,142.81
C1328,O011,Takeaway,490.71
C1105,O012,Takeaway,241.96
C134,O013,Takeaway,420.12
C047,O014,Takeaway,485.13
C017,O015,Delivery,363.89
C041,O016,Takeaway,317.15
C440,O017,Delivery,353.89
C143,O018,Delivery,289.83
C973,O019,Takeaway,239.58
C1992,O020,Takeaway,183.2
C136,O021,Delivery,470.73
C1199,O022,Takeaway,155.09
C805,O023,Takeaway,283.47
C605,O024,Takeaway,385.34
C1657,O025,Takeaway,161.94
C514,O026,Delivery,400.51
C1795,O027,Takeaway,338.88
C162,O028,Delivery,473.92
C184,O029,Delivery,407.06
C1339,O030,Takeaway,284.08
C808,O031,Takeaway,354.57
C886,O032,Delivery,464.97
C010,O033,Takeaway,197.07
C1702,O034,Takeaway,341.44
C1823,O035,Delivery,239.85
C1683,O036,Delivery,175.51
C1212,O037,Delivery,283.9
C012,O038,Delivery,301.88
C474,O039,Delivery,198.87
C452,O040,Takeaway,185.96
C1742,O041,Takeaway,227.77
C1394,O042,Takeaway,399.02
C1888,O043,Delivery,369.54
C724,O044,Takeaway,244.17
C1109,O045,Delivery,359.11
C1759,O046,Takeaway,282.5
C414,O047,Delivery,145.11
C625,O048,Takeaway,245.76
C1485,O049,Delivery,376.94
C696,O050,Delivery,468.13
C1024,O051,Delivery,422.78
C034,O052,Delivery,201.39
C542,O053,Takeaway,450.18
C1043,O054,Delivery,254.61
C1087,O055,Takeaway,399.01
C1731,O056,Takeaway,191.56
C1698,O057,Takeaway,250.72
C098,O058,Takeaway,444.57
C792,O059,Delivery,214.66
C1205,O060,Takeaway,338.39
C271,O061,Delivery,456.53
C684,O062,Delivery,450.38
C264,O063,Takeaway,260.87
C682,O064,Takeaway,496.98
C252,O065,Delivery,134.15
C1242,O066,Takeaway,236.24
C652,O067,Delivery,110.73
C1299,O068,Takeaway,424.38
C1755,O069,Delivery,157.86
C1950,O070,Delivery,214.34
C110,O071,Delivery,307.05
C973,O072,Takeaway,143.32
C610,O073,Takeaway,202.39
C1757,O074,Takeaway,210.29
C1481,O075,Takeaway,360.46
C1934,O076,Delivery,268.38
C903,O077,Delivery,418.44
C529,O078,Takeaway,232
C1188,O079,Delivery,471.09
C272,O080,Delivery,241.65
C1523,O081,Takeaway,245.37
C279,O082,Delivery,316.64
C881,O083,Delivery,148.27
C1672,O084,Takeaway,329.67
C1723,O085,Delivery,153.57
C628,O086,Takeaway,223.07
C424,O087,Takeaway,472.12
C1979,O088,Takeaway,310.75
C324,O089,Delivery,462.75
C1362,O090,Delivery,188.1
C1030,O091,Takeaway,455.38
C1716,O092,Takeaway,352.36
C1028,O093,Takeaway,134.2
C1789,O094,Delivery,402.39
C678,O095,Takeaway,382.76
C1672,O096,Delivery,444.59
C1347,O097,Delivery,476.72
C552,O098,Takeaway,370.2
C1168,O099,Delivery,251.3
C1858,O100,Takeaway,252.57
C331,O101,Delivery,224.68
C1462,O102,Takeaway,136.14
C1962,O103,Delivery,103.27
C688,O104,Takeaway,196.06
C092,O105,Takeaway,131.22
C647,O106,Takeaway,190.94
C837,O107,Takeaway,190.38
C027,O108,Delivery,324.99
C988,O109,Delivery,178.12
C129,O110,Delivery,264.88
C1528,O111,Delivery,482.54
C624,O112,Takeaway,445.66
C734,O113,Takeaway,456.05
C989,O114,Takeaway,132.93
C271,O115,Delivery,122.67
C1159,O116,Takeaway,436.58
C058,O117,Delivery,420.59
C738,O118,Takeaway,379.73
C303,O119,Delivery,369.7
C1160,O120,Delivery,242.19
C246,O121,Delivery,228.22
C1986,O122,Takeaway,185.74
C1617,O123,Takeaway,238.29
C1184,O124,Delivery,495.06
C450,O125,Takeaway,290.35
C1721,O126,Takeaway,493.74
C1151,O127,Takeaway,269.04
C1180,O128,Takeaway,265.65
C1462,O129,Delivery,356.84
C1170,O130,Takeaway,439.47
C1274,O131,Delivery,376.42
C720,O132,Delivery,321.89
C1038,O133,Delivery,244.05
C1044,O134,Takeaway,134.02
C395,O135,Delivery,355.37
C228,O136,Takeaway,104.37
C487,O137,Delivery,319.71
C415,O138,Delivery,331.78
C1250,O139,Takeaway,119.93
C1277,O140,Takeaway,392.48
C1896,O141,Delivery,302.42
C438,O142,Delivery,259.18
C1950,O143,Delivery,282.08
C356,O144,Delivery,495.82
C1845,O145,Takeaway,256.16
C337,O146,Delivery,310.99
C980,O147,Delivery,150.87
C1098,O148,Delivery,108.38
C1746,O149,Takeaway,183.94
C891,O150,Takeaway,338.72
C068,O151,Takeaway,477.85
C981,O152,Delivery,495.88
C874,O153,Takeaway,161.34
C1793,O154,Delivery,337.82
C1208,O155,Delivery,348.22
C1792,O156,Takeaway,143.94
C378,O157,Delivery,418.86
C1678,O158,Takeaway,355.14
C589,O159,Takeaway,155.4
C1166,O160,Takeaway,250.28
C188,O161,Takeaway,349.1
C1264,O162,Delivery,363.05
C1346,O163,Takeaway,389.2
C1277,O164,Delivery,148.57
C399,O165,Delivery,134.64
C1500,O166,Takeaway,162.23
C1970,O167,Delivery,472.01
C1211,O168,Takeaway,385.56
C1038,O169,Delivery,356.12
C077,O170,Delivery,482.16
C142,O171,Takeaway,299.38
C1499,O172,Delivery,200.03
C1986,O173,Delivery,290.63
C1778,O174,Delivery,361.78
C439,O175,Delivery,224.83
C666,O176,Delivery,176.11
C967,O177,Takeaway,168.8
C1184,O178,Delivery,115.49
C1806,O179,Takeaway,183.25
C1300,O180,Delivery,359.21
C273,O181,Takeaway,481.04
C1295,O182,Takeaway,227.17
C358,O183,Takeaway,263.49
C1765,O184,Delivery,239.26
C004,O185,Delivery,136.58
C1398,O186,Takeaway,240.53
C613,O187,Takeaway,365.73
C1573,O188,Delivery,379.58
C1685,O189,Delivery,399.83
C1494,O190,Takeaway,399.81
C1266,O191,Delivery,301.44
C1525,O192,Delivery,392.05
C1071,O193,Delivery,484.89
C853,O194,Delivery,361.3
C973,O195,Takeaway,428.24
C087,O196,Delivery,249.03
C1517,O197,Takeaway,329.05
C1091,O198,Delivery,413.38
C1017,O199,Delivery,168.61
C1420,O200,Delivery,291.85
C555,O201,Takeaway,439.2
C916,O202,Takeaway,266.67
C010,O203,Delivery,377.71
C1701,O204,Takeaway,415.75
C172,O205,Delivery,186.6
C1756,O206,Takeaway,316.3
C1762,O207,Takeaway,419.07
C1169,O208,Delivery,118.68
C893,O209,Delivery,381.03
C1784,O210,Delivery,408.85
C1010,O211,Delivery,124.3
C641,O212,Takeaway,218.25
C1466,O213,Delivery,187.79
C1184,O214,Takeaway,241.27
C502,O215,Takeaway,200.91
C204,O216,Delivery,183.9
C466,O217,Delivery,298.96
C181,O218,Takeaway,251.62
C870,O219,Takeaway,476.96
C781,O220,Delivery,360.06
C1536,O221,Delivery,257.93
C792,O222,Takeaway,246.31
C957,O223,Takeaway,272.32
C398,O224,Takeaway,244.52
C265,O225,Takeaway,453.66
C011,O226,Takeaway,252.94
C1131,O227,Delivery,426.14
C401,O228,Delivery,351.77
C1042,O229,Takeaway,156.3
C1802,O230,Delivery,154.01
C1375,O231,Delivery,488.04
C1538,O232,Delivery,121.66
C253,O233,Delivery,274.12
C1416,O234,Delivery,233.09
C839,O235,Takeaway,152.95
C623,O236,Takeaway,198.36
C413,O237,Delivery,167.64
C914,O238,Takeaway,295.47
C570,O239,Takeaway,369.1
C691,O240,Delivery,194.5
C422,O241,Delivery,285
C1131,O242,Takeaway,148.71
C649,O243,Delivery,374.25
C760,O244,Takeaway,244.22
C386,O245,Delivery,141.86
C248,O246,Delivery,164.5
C486,O247,Delivery,168.15
C941,O248,Takeaway,285.2
C380,O249,Takeaway,404.11
C655,O250,Takeaway,458.22
C492,O251,Delivery,227.82
C1695,O252,Delivery,264.71
C719,O253,Takeaway,218.61
C1268,O254,Takeaway,194.42
C1996,O255,Takeaway,218.99
C1626,O256,Delivery,245.79
C1668,O257,Delivery,369.62
C193,O258,Delivery,303.59
C1205,O259,Takeaway,124.59
C753,O260,Delivery,130.51
C402,O261,Delivery,131.59
C1978,O262,Takeaway,300.59
C1184,O263,Takeaway,297.9
C250,O264,Takeaway,230.48
C1033,O265,Takeaway,236.15
C373,O266,Takeaway,267.9
C633,O267,Delivery,146.7
C1014,O268,Delivery,262.19
C854,O269,Delivery,269.46
C1552,O270,Takeaway,254.89
C250,O271,Delivery,295.96
C013,O272,Delivery,136.63
C1039,O273,Takeaway,370.02
C1549,O274,Takeaway,102.97
C256,O275,Takeaway,100.81
C011,O276,Delivery,262.5
C789,O277,Delivery,139.28
C041,O278,Takeaway,115
C1834,O279,Delivery,464.45
C1083,O280,Takeaway,380.06
C1753,O281,Takeaway,206.1
C1405,O282,Takeaway,392.13
C359,O283,Delivery,333.65
C842,O284,Delivery,316.79
C867,O285,Takeaway,397.03
C158,O286,Takeaway,407.58
C664,O287,Delivery,239.82
C396,O288,Delivery,151.65
C1930,O289,Takeaway,294.49
C1493,O290,Takeaway,175.99
C1124,O291,Takeaway,430.24
C695,O292,Takeaway,199.73
C841,O293,Takeaway,354.84
C188,O294,Delivery,140.26
C766,O295,Delivery,317.94
C1435,O296,Takeaway,202.41
C1634,O297,Takeaway,323.78
C913,O298,Delivery,439.17
C1527,O299,Delivery,295.4
C1836,O300,Delivery,345.59
C012,O301,Takeaway,329.78
C616,O302,Delivery,179.45
C1228,O303,Delivery,445.83
C756,O304,Takeaway,335.5
C283,O305,Delivery,387.29
C743,O306,Delivery,247.79
C694,O307,Takeaway,145.47
C744,O308,Delivery,353.37
C015,O309,Delivery,485.68
C1512,O310,Delivery,142.3
C791,O311,Takeaway,143.05
C963,O312,Delivery,213.16
C793,O313,Takeaway,262.4
C807,O314,Takeaway,320.77
C1990,O315,Delivery,431.35
C648,O316,Delivery,238.8
C1858,O317,Takeaway,455.94
C1002,O318,Takeaway,248.85
C286,O319,Delivery,279.09
C498,O320,Delivery,382.7
C845,O321,Takeaway,184.51
C1442,O322,Delivery,436.97
C241,O323,Takeaway,210.14
C1098,O324,Delivery,266.73
C918,O325,Takeaway,371.04
C1598,O326,Takeaway,182.54
C365,O327,Delivery,256.33
C039,O328,Takeaway,455.79
C1250,O329,Delivery,493.32
C1116,O330,Delivery,356.86
C1768,O331,Delivery,102.94
C1329,O332,Delivery,119.26
C1954,O333,Takeaway,492.17
C869,O334,Takeaway,452.77
C1588,O335,Takeaway,364.99
C1694,O336,Takeaway,215.41
C499,O337,Takeaway,171.4
C1543,O338,Delivery,400.73
C1121,O339,Takeaway,495.24
C881,O340,Delivery,341.39
C818,O341,Delivery,128.95
C1781,O342,Delivery,421.31
C1649,O343,Takeaway,188.02
C1966,O344,Takeaway,390.87
C697,O345,Takeaway,338.51
C1231,O346,Takeaway,285.7
C1290,O347,Takeaway,347.15
C337,O348,Delivery,464.94
C091,O349,Delivery,140.36
C362,O350,Takeaway,208.79
C652,O351,Delivery,371.26
C1523,O352,Takeaway,295.29
C596,O353,Takeaway,382.27
C1767,O354,Delivery,109.61
C172,O355,Takeaway,499.79
C059,O356,Takeaway,184.51
C185,O357,Takeaway,341.32
C620,O358,Takeaway,189.77
C975,O359,Delivery,230.4
C763,O360,Takeaway,370.1
C1010,O361,Takeaway,295.22
C1072,O362,Delivery,411.67
C1211,O363,Takeaway,123.69
C1586,O364,Delivery,207.44
C893,O365,Takeaway,364.02
C1170,O366,Takeaway,446.16
C1758,O367,Delivery,136.87
C1578,O368,Delivery,345.69
C1448,O369,Takeaway,326.29
C101,O370,Takeaway,228.87
C934,O371,Delivery,491.91
C442,O372,Takeaway,331.53
C957,O373,Takeaway,420.43
C1808,O374,Takeaway,151.98
C1910,O375,Delivery,259.03
C1590,O376,Delivery,331.82
C279,O377,Delivery,327.22
C1469,O378,Takeaway,373.75
C1884,O379,Takeaway,208.09
C883,O380,Delivery,161.57
C1827,O381,Delivery,114.26
C850,O382,Takeaway,178.99
C623,O383,Takeaway,122.39
C546,O384,Delivery,420.37
C1231,O385,Takeaway,139.24
C097,O386,Delivery,142.64
C1980,O387,Takeaway,430.96
C790,O388,Delivery,264.15
C1244,O389,Takeaway,202.33
C1538,O390,Takeaway,277.11
C1304,O391,Takeaway,216.71
C370,O392,Delivery,104.95
C1769,O393,Takeaway,426.8
C1593,O394,Takeaway,359.76
C552,O395,Takeaway,304.99
C284,O396,Takeaway,157.2
C029,O397,Delivery,448.03
C1149,O398,Delivery,416.09
C1739,O399,Delivery,461.04
C1711,O400,Takeaway,415.57
C1102,O401,Takeaway,152.65
C357,O402,Delivery,305.39
C1108,O403,Takeaway,478.35
C1065,O404,Delivery,346.99
C502,O405,Takeaway,453.93
C535,O406,Delivery,329.42
C889,O407,Delivery,208.76
C194,O408,Takeaway,207.53
C935,O409,Delivery,338.24
C327,O410,Delivery,458.6
C626,O411,Takeaway,352.83
C1409,O412,Delivery,129.25
C162,O413,Takeaway,433.84
C843,O414,Takeaway,211.79
C1589,O415,Takeaway,236.11
C050,O416,Delivery,175.44
C1854,O417,Takeaway,171.49
C167,O418,Takeaway,287.29
C1671,O419,Takeaway,336.98
C026,O420,Delivery,420.12
C1145,O421,Takeaway,437.61
C045,O422,Delivery,116.73
C625,O423,Delivery,179.43
C862,O424,Takeaway,393.21
C1027,O425,Delivery,191.07
C662,O426,Delivery,147.83
C405,O427,Takeaway,299.56
C1931,O428,Delivery,450.87
C1630,O429,Delivery,101.47
C300,O430,Takeaway,316.89
C1402,O431,Takeaway,324.17
C1677,O432,Delivery,306.98
C1724,O433,Takeaway,328.98
C361,O434,Takeaway,151.41
C241,O435,Delivery,290.91
C209,O436,Delivery,179.47
C1951,O437,Delivery,331.5
C856,O438,Takeaway,145.68
C1970,O439,Takeaway,443.73
C424,O440,Delivery,125.12
C121,O441,Takeaway,432.64
C691,O442,Delivery,326.68
C1959,O443,Takeaway,251.92
C171,O444,Delivery,244.47
C790,O445,Delivery,249.07
C125,O446,Delivery,190.7
C698,O447,Takeaway,306.06
C875,O448,Takeaway,161.01
C1906,O449,Delivery,330.93
C135,O450,Takeaway,189.4
C521,O451,Takeaway,218.63
C1287,O452,Delivery,200.06
C641,O453,Delivery,451.19
C905,O454,Takeaway,268.13
C067,O455,Delivery,478.27
C1713,O456,Takeaway,493.05
C946,O457,Takeaway,102.36
C113,O458,Delivery,317.82
C987,O459,Delivery,428.5
C048,O460,Delivery,436.24
C519,O461,Takeaway,192.84
C1986,O462,Delivery,383.67
C1673,O463,Takeaway,341.55
C403,O464,Takeaway,249.71
C638,O465,Delivery,341.1
C149,O466,Delivery,227.9
C205,O467,Delivery,391.33
C1707,O468,Delivery,104.86
C1229,O469,Takeaway,168.07
C744,O470,Delivery,135.66
C770,O471,Delivery,322.94
C290,O472,Delivery,381.2
C228,O473,Takeaway,275.47
C180,O474,Delivery,215.6
C1294,O475,Takeaway,114.26
C1538,O476,Delivery,126.3
C1905,O477,Takeaway,270.99
C1720,O478,Takeaway,192.06
C1431,O479,Takeaway,223.64
C061,O480,Takeaway,130.53
C1959,O481,Delivery,148.18
C1907,O482,Takeaway,481.16
C231,O483,Delivery,229.92
C090,O484,Takeaway,219.48
C1088,O485,Takeaway,403.25
C365,O486,Takeaway,371.45
C384,O487,Delivery,248.49
C1901,O488,Delivery,295.13
C971,O489,Delivery,132.91
C1657,O490,Takeaway,163.35
C1483,O491,Takeaway,333.19
C1248,O492,Delivery,242.43
C879,O493,Delivery,444.69
C1393,O494,Delivery,393.89
C086,O495,Takeaway,402.51
C1935,O496,Takeaway,391.27
C803,O497,Delivery,181.87
C520,O498,Takeaway,117.33
C117,O499,Takeaway,404.39
C1971,O500,Delivery,371.97
C1024,O501,Delivery,108.87
C337,O502,Delivery,489.96
C994,O503,Delivery,161.31
C488,O504,Delivery,130.08
C1968,O505,Delivery,152.04
C619,O506,Delivery,229.36
C1558,O507,Takeaway,268.16
C1160,O508,Delivery,359.58
C822,O509,Delivery,316.99
C020,O510,Delivery,256.45
C830,O511,Delivery,437.84
C1669,O512,Takeaway,152.89
C456,O513,Takeaway,317.14
C1424,O514,Takeaway,310.02
C540,O515,Delivery,187.92
C622,O516,Takeaway,362.33
C944,O517,Delivery,308.92
C1080,O518,Takeaway,388.36
C1344,O519,Delivery,333.8
C942,O520,Takeaway,194.41
C999,O521,Takeaway,270.5
C890,O522,Takeaway,168.34
C525,O523,Delivery,410.82
C1137,O524,Takeaway,446.18
C013,O525,Delivery,421.98
C1916,O526,Takeaway,432.57
C1044,O527,Delivery,368.15
C1171,O528,Takeaway,337.81
C147,O529,Delivery,158.94
C1493,O530,Takeaway,281.34
C1107,O531,Delivery,182.18
C1064,O532,Takeaway,213.2
C415,O533,Takeaway,496.15
C589,O534,Takeaway,360.75
C510,O535,Delivery,200.26
C830,O536,Delivery,479.06
C112,O537,Delivery,269.79
C197,O538,Delivery,270.91
C197,O539,Delivery,144.49
C1309,O540,Delivery,211.3
C1760,O541,Delivery,319.02
C004,O542,Takeaway,447.51
C1853,O543,Delivery,218.02
C1571,O544,Delivery,126.08
C1521,O545,Takeaway,154.63
C070,O546,Takeaway,412.4
C847,O547,Takeaway,341.13
C301,O548,Takeaway,267.06
C482,O549,Delivery,458.5
C1433,O550,Delivery,238.99
C596,O551,Delivery,458.9
C1721,O552,Delivery,179.28
C022,O553,Takeaway,392.12
C1794,O554,Takeaway,360.96
C894,O555,Takeaway,257.27
C499,O556,Delivery,466.01
C226,O557,Delivery,400.77
C865,O558,Delivery,212.44
C1406,O559,Takeaway,160.75
C1593,O560,Delivery,182.78
C1580,O561,Delivery,461.63
C1696,O562,Delivery,494.37
C214,O563,Delivery,447.59
C1528,O564,Delivery,228.68
C1146,O565,Delivery,423.15
C680,O566,Takeaway,151.58
C1672,O567,Delivery,425.14
C1300,O568,Takeaway,473.33
C1470,O569,Takeaway,104.44
C007,O570,Takeaway,182.97
C123,O571,Delivery,194.34
C772,O572,Takeaway,106.76
C199,O573,Takeaway,147.73
C1368,O574,Delivery,384.32
C916,O575,Takeaway,459.19
C1506,O576,Takeaway,338.16
C848,O577,Takeaway,459.33
C1304,O578,Takeaway,177.85
C1560,O579,Takeaway,236.07
C1809,O580,Delivery,457.67
C1734,O581,Takeaway,331.16
C450,O582,Takeaway,119.77
C955,O583,Delivery,384.95
C1916,O584,Delivery,211.15
C1821,O585,Delivery,199.91
C1793,O586,Delivery,221.27
C1011,O587,Delivery,190.24
C1589,O588,Takeaway,123.5
C1694,O589,Takeaway,310.68
C526,O590,Takeaway,151
C1183,O591,Takeaway,100.2
C758,O592,Takeaway,427.74
C1693,O593,Takeaway,187.73
C345,O594,Takeaway,232.31
C411,O595,Takeaway,277.09
C809,O596,Takeaway,219.05
C1173,O597,Takeaway,309.46
C507,O598,Takeaway,268.98
C033,O599,Delivery,435.42
C1411,O600,Takeaway,282.86
C1877,O601,Delivery,454.43
C1623,O602,Delivery,482.68
C1023,O603,Takeaway,355.7
C790,O604,Takeaway,244.97
C182,O605,Delivery,293.96
C1723,O606,Delivery,270.95
C203,O607,Takeaway,232.94
C1204,O608,Takeaway,223.66
C1049,O609,Delivery,125.1
C1054,O610,Takeaway,391.71
C1327,O611,Takeaway,314.67
C705,O612,Delivery,238.03
C1643,O613,Delivery,103.55
C662,O614,Delivery,381.34
C1043,O615,Delivery,477.55
C876,O616,Takeaway,451.34
C093,O617,Takeaway,233.24
C664,O618,Takeaway,228.44
C292,O619,Takeaway,493.99
C1719,O620,Delivery,329.7
C374,O621,Delivery,437.07
C1944,O622,Delivery,491.28
C1922,O623,Delivery,157.82
C995,O624,Takeaway,461.91
C175,O625,Takeaway,353.87
C1900,O626,Delivery,239.53
C426,O627,Delivery,472.56
C770,O628,Delivery,243.23
C1750,O629,Delivery,313.23
C846,O630,Delivery,321.02
C128,O631,Takeaway,180.28
C1217,O632,Takeaway,365.92
C1093,O633,Takeaway,208.12
C1982,O634,Delivery,225.66
C271,O635,Delivery,293.45
C339,O636,Takeaway,453.92
C1060,O637,Delivery,112.58
C619,O638,Takeaway,343.03
C1448,O639,Delivery,216.67
C1648,O640,Takeaway,370.76
C1612,O641,Delivery,494.42
C703,O642,Delivery,192.8
C193,O643,Delivery,421.11
C1037,O644,Delivery,256.09
C1394,O645,Delivery,266.01
C1587,O646,Takeaway,450.72
C004,O647,Takeaway,417.34
C455,O648,Takeaway,482.81
C1576,O649,Delivery,489.43
C1858,O650,Takeaway,340.31
C618,O651,Takeaway,481.06
C149,O652,Delivery,302.26
C581,O653,Delivery,221.55
C401,O654,Takeaway,248.84
C893,O655,Delivery,450.78
C1272,O656,Takeaway,233.64
C209,O657,Takeaway,400.69
C1210,O658,Delivery,425.79
C1854,O659,Takeaway,314.82
C163,O660,Delivery,464.89
C818,O661,Delivery,367.34
C1412,O662,Delivery,103.59
C082,O663,Delivery,471.59
C974,O664,Takeaway,417.5
C1459,O665,Delivery,362.08
C1895,O666,Takeaway,215.88
C865,O667,Takeaway,107.18
C894,O668,Delivery,404.64
C500,O669,Delivery,492.16
C1676,O670,Takeaway,387.53
C1681,O671,Takeaway,286.75
C364,O672,Delivery,176.25
C287,O673,Takeaway,165.93
C476,O674,Takeaway,102.23
C379,O675,Takeaway,386.16
C203,O676,Delivery,456.24
C1548,O677,Delivery,251.75
C721,O678,Takeaway,236.37
C723,O679,Delivery,247.11
C179,O680,Takeaway,192.26
C1231,O681,Takeaway,251.85
C964,O682,Delivery,259.16
C1440,O683,Delivery,374.42
C1236,O684,Delivery,375.53
C1257,O685,Delivery,461.74
C805,O686,Delivery,138.97
C008,O687,Delivery,255.48
C151,O688,Takeaway,478.1
C1946,O689,Takeaway,231.67
C894,O690,Takeaway,296.26
C486,O691,Takeaway,185.3
C1587,O692,Delivery,198.62
C1003,O693,Delivery,309.36
C141,O694,Delivery,250.41
C1862,O695,Takeaway,155.62
C659,O696,Delivery,364.64
C1799,O697,Delivery,422.94
C222,O698,Delivery,202.95
C1198,O699,Delivery,441.7
C849,O700,Delivery,257.48
C1812,O701,Takeaway,247.25
C916,O702,Takeaway,221.59
C087,O703,Delivery,239.52
C941,O704,Delivery,465.31
C538,O705,Delivery,280.83
C1912,O706,Delivery,114.52
C654,O707,Takeaway,431.31
C881,O708,Takeaway,180.19
C1908,O709,Takeaway,251.17
C1591,O710,Delivery,495.39
C399,O711,Takeaway,365.54
C1521,O712,Takeaway,316.57
C1692,O713,Delivery,339.66
C1997,O714,Delivery,282.1
C105,O715,Takeaway,277.04
C1489,O716,Takeaway,474.37
C775,O717,Takeaway,359.91
C1980,O718,Delivery,407.86
C956,O719,Delivery,489.86
C1198,O720,Takeaway,102.47
C1517,O721,Takeaway,290.67
C1506,O722,Delivery,225.64
C836,O723,Delivery,410.41
C1292,O724,Takeaway,443.49
C389,O725,Takeaway,226.4
C375,O726,Delivery,454.17
C448,O727,Takeaway,342.37
C1219,O728,Delivery,425.87
C755,O729,Takeaway,299.45
C1494,O730,Delivery,354.15
C113,O731,Delivery,278.7
C1144,O732,Takeaway,218.76
C1595,O733,Takeaway,434.31
C456,O734,Delivery,475.37
C1722,O735,Takeaway,462.63
C017,O736,Delivery,377.81
C1524,O737,Delivery,467.88
C241,O738,Takeaway,152.21
C1801,O739,Takeaway,408.51
C405,O740,Delivery,237.8
C090,O741,Takeaway,143.04
C1994,O742,Delivery,392.92
C681,O743,Takeaway,130.1
C031,O744,Takeaway,204.04
C539,O745,Takeaway,482.88
C1160,O746,Takeaway,416.34
C697,O747,Takeaway,269.47
C937,O748,Delivery,142.98
C284,O749,Delivery,429.02
C231,O750,Takeaway,382.93
C255,O751,Delivery,490.58
C890,O752,Takeaway,434.34
C1567,O753,Delivery,313.28
C336,O754,Delivery,453.81
C544,O755,Takeaway,140.96
C1874,O756,Takeaway,246.68
C1552,O757,Takeaway,352.75
C060,O758,Takeaway,487.19
C841,O759,Delivery,331.73
C1716,O760,Delivery,412.91
C755,O761,Takeaway,387.37
C1050,O762,Delivery,183.99
C1549,O763,Takeaway,425.65
C271,O764,Takeaway,312.06
C1278,O765,Delivery,383.45
C192,O766,Takeaway,323.26
C588,O767,Takeaway,229.9
C1310,O768,Takeaway,140.78
C1253,O769,Takeaway,383.34
C989,O770,Takeaway,400.98
C1636,O771,Takeaway,442.83
C906,O772,Delivery,412.11
C1344,O773,Delivery,410.42
C1347,O774,Delivery,328.28
C1281,O775,Takeaway,476.59
C1580,O776,Takeaway,493.36
C217,O777,Delivery,290.8
C264,O778,Delivery,407.02
C1304,O779,Takeaway,442.98
C645,O780,Delivery,382.85
C1264,O781,Delivery,260.92
C531,O782,Delivery,222.1
C1457,O783,Delivery,307
C1602,O784,Takeaway,287.3
C1982,O785,Takeaway,327.16
C336,O786,Delivery,182.97
C788,O787,Takeaway,118.19
C1304,O788,Takeaway,399.62
C036,O789,Delivery,388.41
C157,O790,Takeaway,344.78
C1285,O791,Takeaway,208.67
C1581,O792,Delivery,470.19
C408,O793,Delivery,331.61
C174,O794,Takeaway,474.97
C1171,O795,Delivery,450.72
C1120,O796,Takeaway,102.38
C1704,O797,Delivery,424.97
C1756,O798,Delivery,378.12
C1535,O799,Delivery,441.58
C047,O800,Takeaway,247.22
C084,O801,Takeaway,476.29
C696,O802,Delivery,288.96
C315,O803,Delivery,130.32
C638,O804,Takeaway,404.54
C171,O805,Delivery,488.74
C1244,O806,Delivery,247.46
C1354,O807,Delivery,155.95
C241,O808,Delivery,390.07
C1975,O809,Delivery,168.06
C1510,O810,Delivery,176.85
C1751,O811,Delivery,418.38
C1335,O812,Takeaway,124.26
C1234,O813,Delivery,205.38
C354,O814,Takeaway,413.1
C942,O815,Takeaway,274.55
C1375,O816,Takeaway,410.4
C1368,O817,Takeaway,330.81
C1428,O818,Delivery,319.45
C1832,O819,Delivery,365.93
C1299,O820,Takeaway,493.56
C761,O821,Delivery,233.07
C1114,O822,Delivery,370.03
C060,O823,Takeaway,376.86
C1993,O824,Delivery,104.11
C640,O825,Takeaway,152.77
C1803,O826,Delivery,171.12
C172,O827,Takeaway,325.06
C570,O828,Takeaway,416.92
C077,O829,Takeaway,310.63
C1765,O830,Takeaway,102.57
C715,O831,Takeaway,323.5
C1372,O832,Delivery,148.98
C1033,O833,Takeaway,335.92
C1640,O834,Delivery,369.04
C213,O835,Takeaway,298.07
C1222,O836,Takeaway,487.33
C941,O837,Delivery,438.86
C235,O838,Delivery,275.93
C1117,O839,Delivery,467.48
C1928,O840,Delivery,365.47
C1607,O841,Takeaway,348.51
C1167,O842,Delivery,201.49
C060,O843,Takeaway,464.98
C1042,O844,Takeaway,145.78
C1359,O845,Takeaway,289.71
C1651,O846,Delivery,212.66
C1094,O847,Takeaway,420.03
C1056,O848,Takeaway,145.63
C303,O849,Delivery,222.97
C284,O850,Delivery,226.39
C1553,O851,Takeaway,480.54
C1508,O852,Delivery,320.24
C405,O853,Takeaway,429.36
C1146,O854,Takeaway,492.79
C1633,O855,Delivery,259.33
C962,O856,Delivery,362.78
C434,O857,Takeaway,174.56
C1580,O858,Takeaway,161.28
C916,O859,Takeaway,216.89
C376,O860,Takeaway,100.41
C853,O861,Takeaway,350.55
C465,O862,Takeaway,205.75
C997,O863,Delivery,354.48
C567,O864,Delivery,443.93
C868,O865,Takeaway,407.35
C1851,O866,Takeaway,278.22
C1705,O867,Delivery,171.52
C1473,O868,Delivery,479.67
C256,O869,Delivery,447.2
C1650,O870,Delivery,364.36
C1034,O871,Delivery,455.83
C1947,O872,Delivery,103.98
C1179,O873,Delivery,369.1
C074,O874,Takeaway,238.64
C1714,O875,Delivery,363.6
C004,O876,Delivery,151.21
C353,O877,Delivery,337.11
C674,O878,Takeaway,419.07
C950,O879,Delivery,161.71
C1644,O880,Takeaway,221.01
C1740,O881,Takeaway,368.61
C1979,O882,Delivery,180.23
C296,O883,Takeaway,209.6
C048,O884,Delivery,296.51
C1469,O885,Takeaway,223.74
C744,O886,Delivery,333.91
C193,O887,Takeaway,214.49
C1097,O888,Takeaway,288.79
C1748,O889,Takeaway,486.91
C1633,O890,Takeaway,172.44
C1319,O891,Delivery,119.36
C1546,O892,Delivery,221.21
C652,O893,Delivery,116.18
C358,O894,Delivery,489.77
C1386,O895,Takeaway,497.74
C665,O896,Takeaway,109.28
C1345,O897,Delivery,496.38
C850,O898,Takeaway,144.29
C807,O899,Delivery,236.65
C1253,O900,Delivery,370.46
C1184,O901,Takeaway,468.67
C975,O902,Takeaway,313.34
C1593,O903,Delivery,256.49
C691,O904,Takeaway,365.68
C1238,O905,Takeaway,471.37
C1212,O906,Takeaway,249.31
C558,O907,Delivery,209.52
C555,O908,Takeaway,315.04
C835,O909,Takeaway,379.59
C010,O910,Takeaway,330.77
C915,O911,Takeaway,287.19
C143,O912,Takeaway,237.97
C1335,O913,Takeaway,166.02
C1635,O914,Delivery,127.79
C947,O915,Delivery,320.85
C423,O916,Delivery,316.66
C1298,O917,Delivery,426.03
C923,O918,Takeaway,111.49
C125,O919,Delivery,429.74
C781,O920,Delivery,456.75
C930,O921,Takeaway,330.69
C1635,O922,Delivery,226.4
C1769,O923,Delivery,449.93
C1641,O924,Takeaway,388.48
C1568,O925,Delivery,305.03
C1665,O926,Delivery,121.81
C490,O927,Delivery,428.76
C1168,O928,Takeaway,479.07
C718,O929,Delivery,365.43
C311,O930,Takeaway,450.7
C1223,O931,Takeaway,412.36
C1660,O932,Delivery,243.54
C1689,O933,Delivery,184.13
C124,O934,Delivery,135.75
C1806,O935,Delivery,244.6
C293,O936,Takeaway,100.99
C1031,O937,Takeaway,158.74
C838,O938,Takeaway,473.73
C1080,O939,Takeaway,128.74
C1863,O940,Takeaway,137.13
C470,O941,Takeaway,198.35
C1213,O942,Delivery,470.4
C493,O943,Delivery,256.2
C065,O944,Delivery,432.67
C036,O945,Delivery,360.62
C1661,O946,Delivery,387.58
C762,O947,Delivery,481.09
C682,O948,Delivery,316.56
C1486,O949,Takeaway,351.87
C157,O950,Takeaway,116.3
C493,O951,Delivery,311.63
C1163,O952,Takeaway,456.98
C394,O953,Takeaway,447.9
C1752,O954,Takeaway,367.12
C691,O955,Takeaway,397.57
C188,O956,Delivery,309.61
C667,O957,Delivery,317.61
C1372,O958,Takeaway,168.73
C1150,O959,Delivery,163.95
C1994,O960,Takeaway,176.76
C1056,O961,Takeaway,117.27
C1457,O962,Delivery,125.3
C1647,O963,Delivery,319.9
C1971,O964,Delivery,487.33
C1096,O965,Takeaway,182.87
C725,O966,Delivery,217.74
C1965,O967,Delivery,145.74
C739,O968,Delivery,118.77
C798,O969,Delivery,377.91
C1643,O970,Delivery,305.31
C1743,O971,Takeaway,218.71
C1547,O972,Delivery,469.49
C830,O973,Takeaway,325.26
C1935,O974,Takeaway,482.01
C547,O975,Takeaway,478.36
C156,O976,Takeaway,472.84
C1851,O977,Delivery,320.4
C210,O978,Takeaway,424.7
C723,O979,Takeaway,416.71
C478,O980,Delivery,188.13
C1266,O981,Takeaway,440.78
C841,O982,Takeaway,185.57
C1616,O983,Takeaway,272.77
C792,O984,Takeaway,290.83
C1918,O985,Takeaway,174.32
C1185,O986,Delivery,355.5
C782,O987,Delivery,431.96
C1386,O988,Delivery,117.28
C478,O989,Delivery,477.55
C198,O990,Takeaway,214.64
C1140,O991,Takeaway,226.09
C1589,O992,Delivery,298.18
C273,O993,Takeaway,122.51
C908,O994,Takeaway,445.56
C1034,O995,Delivery,404.17
C559,O996,Delivery,139.7
C1284,O997,Delivery,261.25
C615,O998,Takeaway,249.6
C1796,O999,Takeaway,205.16
C1116,O1000,Takeaway,390.92
C1699,O1001,Takeaway,214.58
C1691,O1002,Delivery,104.37
C667,O1003,Takeaway,484.35
C1455,O1004,Delivery,225.26
C1013,O1005,Takeaway,314.44
C1454,O1006,Delivery,279.83
C1688,O1007,Delivery,483.66
C024,O1008,Takeaway,365.46
C1331,O1009,Takeaway,157.8
C1443,O1010,Delivery,397.3
C050,O1011,Takeaway,148.59
C360,O1012,Delivery,372.83
C837,O1013,Takeaway,497.03
C1949,O1014,Takeaway,180.19
C1840,O1015,Takeaway,164.7
C507,O1016,Delivery,397.26
C330,O1017,Delivery,158.21
C1126,O1018,Delivery,251.23
C1890,O1019,Delivery,326
C296,O1020,Takeaway,437.04
C879,O1021,Takeaway,192.15
C1394,O1022,Takeaway,270.22
C892,O1023,Delivery,261.92
C1166,O1024,Delivery,330.25
C1672,O1025,Takeaway,323.65
C962,O1026,Delivery,218.17
C984,O1027,Takeaway,290.81
C1704,O1028,Delivery,390.78
C001,O1029,Takeaway,303.62
C395,O1030,Takeaway,295.84
C1066,O1031,Delivery,420.08
C774,O1032,Delivery,209.94
C093,O1033,Delivery,457.92
C262,O1034,Takeaway,452.52
C1260,O1035,Delivery,347.9
C1708,O1036,Delivery,363.31
C1097,O1037,Takeaway,245.66
C1379,O1038,Takeaway,262.24
C651,O1039,Takeaway,395.02
C127,O1040,Delivery,195.66
C1503,O1041,Delivery,179.49
C857,O1042,Takeaway,398.17
C1652,O1043,Takeaway,259.45
C1780,O1044,Delivery,176.13
C216,O1045,Takeaway,223.54
C325,O1046,Takeaway,473.33
C832,O1047,Takeaway,264.43
C264,O1048,Delivery,192.07
C993,O1049,Delivery,385.4
C1100,O1050,Takeaway,261.94
C698,O1051,Delivery,209.9
C655,O1052,Takeaway,131.85
C869,O1053,Delivery,133.31
C684,O1054,Takeaway,205.27
C1639,O1055,Takeaway,366.21
C1888,O1056,Takeaway,159.85
C177,O1057,Delivery,461.31
C1294,O1058,Delivery,141.91
C212,O1059,Takeaway,469
C860,O1060,Delivery,337.53
C1074,O1061,Delivery,344.6
C796,O1062,Delivery,484.35
C160,O1063,Takeaway,196.07
C1604,O1064,Takeaway,321.64
C572,O1065,Delivery,174.31
C1425,O1066,Delivery,365.41
C721,O1067,Delivery,391.04
C391,O1068,Delivery,277.68
C648,O1069,Delivery,358.66
C1643,O1070,Takeaway,101.04
C356,O1071,Takeaway,348.42
C1144,O1072,Delivery,462.3
C304,O1073,Takeaway,399.29
C1408,O1074,Delivery,450.02
C809,O1075,Takeaway,320.27
C134,O1076,Takeaway,449.08
C444,O1077,Delivery,269.98
C1091,O1078,Delivery,435.47
C115,O1079,Takeaway,159.68
C1944,O1080,Takeaway,451.24
C1788,O1081,Delivery,147.13
C135,O1082,Delivery,200.49
C961,O1083,Takeaway,185.69
C630,O1084,Takeaway,227.84
C1362,O1085,Delivery,411.78
C1214,O1086,Delivery,482.54
C244,O1087,Takeaway,384.84
C1768,O1088,Delivery,315.24
C177,O1089,Delivery,266.57
C446,O1090,Delivery,299.54
C1122,O1091,Takeaway,225.86
C585,O1092,Takeaway,200.42
C1401,O1093,Takeaway,142.53
C1408,O1094,Takeaway,320.92
C1436,O1095,Delivery,151.63
C542,O1096,Takeaway,203.43
C391,O1097,Takeaway,464.6
C069,O1098,Delivery,101.7
C1819,O1099,Delivery,398.2
C368,O1100,Takeaway,150.32
C1389,O1101,Delivery,479.24
C177,O1102,Delivery,474.59
C1779,O1103,Takeaway,315.16
C131,O1104,Delivery,373.04
C301,O1105,Takeaway,322.49
C1237,O1106,Delivery,173.65
C566,O1107,Takeaway,171.59
C1479,O1108,Takeaway,425.94
C410,O1109,Takeaway,261.33
C689,O1110,Takeaway,301.78
C444,O1111,Delivery,111.54
C538,O1112,Delivery,111.94
C872,O1113,Takeaway,196.99
C1268,O1114,Delivery,317.83
C1790,O1115,Delivery,222.06
C915,O1116,Takeaway,336.68
C026,O1117,Delivery,308.97
C1620,O1118,Delivery,261.89
C934,O1119,Takeaway,412.53
C749,O1120,Takeaway,410.46
C299,O1121,Takeaway,435
C512,O1122,Takeaway,471.74
C668,O1123,Delivery,356.1
C1449,O1124,Delivery,367.81
C327,O1125,Delivery,182.56
C1296,O1126,Delivery,164.36
C1948,O1127,Takeaway,403
C1371,O1128,Takeaway,167.02
C1444,O1129,Takeaway,371.72
C151,O1130,Delivery,462.46
C1000,O1131,Delivery,463.23
C1089,O1132,Takeaway,204.22
C1006,O1133,Takeaway,441.55
C622,O1134,Delivery,333.93
C431,O1135,Takeaway,299.2
C188,O1136,Takeaway,157.18
C287,O1137,Takeaway,142.79
C717,O1138,Delivery,391.42
C645,O1139,Takeaway,206.48
C530,O1140,Takeaway,443.25
C450,O1141,Delivery,363.88
C723,O1142,Takeaway,377.38
C1178,O1143,Delivery,477.43
C1286,O1144,Delivery,296.95
C1624,O1145,Takeaway,357.87
C1532,O1146,Delivery,411.14
C1201,O1147,Takeaway,322.5
C889,O1148,Takeaway,148.76
C555,O1149,Takeaway,493.86
C1450,O1150,Delivery,392.03
C1294,O1151,Delivery,437.21
C300,O1152,Delivery,137.12
C058,O1153,Takeaway,380.25
C1802,O1154,Delivery,137.54
C1700,O1155,Delivery,256.05
C421,O1156,Takeaway,164.7
C1198,O1157,Delivery,231.73
C1385,O1158,Takeaway,127.93
C1703,O1159,Takeaway,395.72
C840,O1160,Takeaway,499.57
C1541,O1161,Delivery,295.01
C1009,O1162,Delivery,237.45
C355,O1163,Delivery,240.81
C1464,O1164,Delivery,114.09
C032,O1165,Delivery,442.18
C706,O1166,Delivery,137.31
C593,O1167,Takeaway,178.21
C1278,O1168,Takeaway,456.24
C548,O1169,Takeaway,217.43
C1536,O1170,Takeaway,309.37
C093,O1171,Takeaway,410.89
C1431,O1172,Delivery,231.2
C026,O1173,Delivery,393.37
C1488,O1174,Takeaway,111.11
C621,O1175,Delivery,470.93
C1754,O1176,Takeaway,262.13
C1606,O1177,Delivery,275.61
C982,O1178,Takeaway,325.83
C686,O1179,Takeaway,182.66
C1832,O1180,Takeaway,266.41
C018,O1181,Delivery,213.42
C1463,O1182,Takeaway,289.86
C889,O1183,Delivery,154.2
C1724,O1184,Takeaway,437.01
C286,O1185,Takeaway,157.55
C1495,O1186,Takeaway,281.58
C272,O1187,Takeaway,208.02
C239,O1188,Delivery,273.44
C037,O1189,Takeaway,277.37
C1569,O1190,Delivery,483.23
C735,O1191,Takeaway,234.56
C1849,O1192,Takeaway,265.95
C908,O1193,Takeaway,213.1
C654,O1194,Takeaway,144.9
C562,O1195,Delivery,314.34
C084,O1196,Delivery,300.53
C440,O1197,Delivery,434.89
C1377,O1198,Takeaway,326.34
C1601,O1199,Delivery,473.62
C571,O1200,Takeaway,356.18
C1090,O1201,Takeaway,141.4
C1271,O1202,Takeaway,395.1
C1693,O1203,Delivery,407.56
C160,O1204,Delivery,247.51
C1686,O1205,Takeaway,481.6
C545,O1206,Delivery,111.48
C1414,O1207,Takeaway,387.04
C1387,O1208,Delivery,110.71
C513,O1209,Takeaway,296.06
C1172,O1210,Takeaway,197.73
C442,O1211,Takeaway,126.55
C1946,O1212,Delivery,440.73
C1114,O1213,Takeaway,156.81
C1409,O1214,Delivery,298.49
C770,O1215,Takeaway,301.28
C557,O1216,Delivery,408.12
C1120,O1217,Delivery,323.17
C1173,O1218,Delivery,366.16
C814,O1219,Takeaway,410.79
C439,O1220,Delivery,100.93
C064,O1221,Delivery,264.45
C1207,O1222,Takeaway,304.16
C1625,O1223,Delivery,171.24
C1325,O1224,Takeaway,474.16
C1209,O1225,Takeaway,467.98
C713,O1226,Delivery,188.74
C261,O1227,Delivery,120.45
C795,O1228,Delivery,498.46
C1152,O1229,Delivery,296.91
C508,O1230,Delivery,488.96
C1533,O1231,Delivery,464.97
C082,O1232,Delivery,274.79
C851,O1233,Takeaway,245.46
C482,O1234,Delivery,404.3
C1869,O1235,Delivery,388.56
C1707,O1236,Delivery,118.56
C064,O1237,Takeaway,262.89
C233,O1238,Takeaway,115.71
C056,O1239,Takeaway,284.36
C1390,O1240,Takeaway,120.07
C1686,O1241,Delivery,476.14
C264,O1242,Delivery,185.45
C1472,O1243,Delivery,473.04
C936,O1244,Delivery,393.15
C1697,O1245,Delivery,251.86
C1464,O1246,Delivery,334.31
C942,O1247,Takeaway,193.89
C1405,O1248,Delivery,255.41
C1001,O1249,Takeaway,112.81
C1291,O1250,Takeaway,448.26
C760,O1251,Delivery,326.86
C777,O1252,Delivery,147.46
C1308,O1253,Takeaway,334.16
C1878,O1254,Delivery,109.67
C1909,O1255,Takeaway,214.88
C081,O1256,Delivery,266.49
C338,O1257,Delivery,456.07
C488,O1258,Delivery,146.5
C1886,O1259,Takeaway,448
C394,O1260,Takeaway,386.45
C1034,O1261,Takeaway,470.57
C894,O1262,Delivery,361.65
C1255,O1263,Delivery,413.02
C1223,O1264,Delivery,209.48
C1340,O1265,Takeaway,430.94
C647,O1266,Takeaway,354.89
C1741,O1267,Takeaway,335.29
C1241,O1268,Takeaway,278.65
C667,O1269,Takeaway,441.1
C1716,O1270,Takeaway,312.15
C611,O1271,Takeaway,185.81
C292,O1272,Takeaway,101.09
C800,O1273,Delivery,303.31
C1129,O1274,Takeaway,316.21
C172,O1275,Delivery,481.77
C1136,O1276,Delivery,343.9
C051,O1277,Takeaway,179.15
C1220,O1278,Takeaway,378.76
C165,O1279,Takeaway,336.38
C284,O1280,Takeaway,121.89
C426,O1281,Delivery,134.4
C1992,O1282,Takeaway,202.35
C1443,O1283,Delivery,270.78
C1885,O1284,Takeaway,411.39
C843,O1285,Takeaway,125.04
C579,O1286,Takeaway,189.75
C1298,O1287,Takeaway,132.01
C1641,O1288,Takeaway,317.53
C1821,O1289,Takeaway,204.27
C1416,O1290,Delivery,310.37
C957,O1291,Delivery,180.89
C1366,O1292,Delivery,379.57
C483,O1293,Takeaway,137.02
C166,O1294,Takeaway,168.72
C1100,O1295,Takeaway,291.77
C1955,O1296,Takeaway,253.87
C1903,O1297,Delivery,434.79
C1139,O1298,Takeaway,245.75
C712,O1299,Takeaway,491
C792,O1300,Delivery,404.89
C160,O1301,Delivery,456.68
C894,O1302,Takeaway,400.62
C1586,O1303,Delivery,157.69
C165,O1304,Takeaway,200.23
C1287,O1305,Takeaway,166.35
C431,O1306,Takeaway,189.37
C682,O1307,Takeaway,253.23
C972,O1308,Delivery,480.28
C905,O1309,Delivery,158.96
C515,O1310,Delivery,360.2
C1259,O1311,Delivery,225.24
C471,O1312,Delivery,467.87
C229,O1313,Takeaway,418.88
C1535,O1314,Takeaway,198.85
C447,O1315,Delivery,235.4
C692,O1316,Delivery,201.98
C264,O1317,Takeaway,104.41
C1596,O1318,Delivery,327.89
C1765,O1319,Takeaway,109.95
C1021,O1320,Delivery,301.02
C1428,O1321,Takeaway,353.69
C658,O1322,Delivery,312.32
C066,O1323,Delivery,172.03
C850,O1324,Delivery,394.92
C465,O1325,Delivery,371.53
C1530,O1326,Takeaway,161.39
C063,O1327,Delivery,282.31
C577,O1328,Takeaway,474.57
C1630,O1329,Takeaway,368.52
C389,O1330,Takeaway,466.99
C392,O1331,Delivery,176.88
C766,O1332,Delivery,303.74
C904,O1333,Delivery,218.14
C1210,O1334,Delivery,237.25
C1756,O1335,Takeaway,423.67
C1151,O1336,Delivery,192.89
C1876,O1337,Takeaway,427.49
C794,O1338,Delivery,413.3
C369,O1339,Delivery,267.63
C875,O1340,Takeaway,330.66
C1256,O1341,Delivery,352.48
C208,O1342,Takeaway,407.58
C800,O1343,Delivery,116.88
C1042,O1344,Delivery,242.93
C1857,O1345,Takeaway,419.02
C1951,O1346,Delivery,492.84
C815,O1347,Takeaway,413.96
C330,O1348,Delivery,286.57
C928,O1349,Delivery,431.14
C1859,O1350,Delivery,343.3
C1682,O1351,Delivery,385.68
C486,O1352,Takeaway,431.31
C1832,O1353,Takeaway,257.33
C1821,O1354,Delivery,310.1
C635,O1355,Delivery,335.48
C1051,O1356,Delivery,273.14
C834,O1357,Delivery,389.21
C852,O1358,Takeaway,129.47
C1687,O1359,Takeaway,182.65
C514,O1360,Takeaway,102.46
C634,O1361,Delivery,493.1
C891,O1362,Delivery,264.17
C1730,O1363,Delivery,185.54
C1321,O1364,Takeaway,401.93
C1189,O1365,Takeaway,357.64
C1054,O1366,Delivery,182.06
C715,O1367,Delivery,316.81
C882,O1368,Delivery,130.56
C1946,O1369,Takeaway,168.74
C1424,O1370,Takeaway,350.15
C276,O1371,Takeaway,380.01
C961,O1372,Takeaway,159.04
C1000,O1373,Takeaway,139.31
C681,O1374,Delivery,175
C1330,O1375,Takeaway,433.42
C240,O1376,Delivery,174.95
C1827,O1377,Takeaway,208.84
C173,O1378,Takeaway,153.08
C221,O1379,Takeaway,143.52
C1641,O1380,Delivery,140.59
C375,O1381,Takeaway,366.21
C297,O1382,Takeaway,386.46
C909,O1383,Delivery,395.7
C1565,O1384,Takeaway,240.29
C1538,O1385,Takeaway,345.01
C927,O1386,Takeaway,463.71
C002,O1387,Takeaway,330.31
C1834,O1388,Takeaway,428.54
C1875,O1389,Delivery,327.71
C815,O1390,Delivery,327.96
C952,O1391,Takeaway,251.73
C1031,O1392,Delivery,223.33
C427,O1393,Delivery,242.89
C1208,O1394,Takeaway,424.37
C1258,O1395,Takeaway,368.63
C309,O1396,Takeaway,300.7
C1492,O1397,Takeaway,433.36
C617,O1398,Takeaway,228.77
C1652,O1399,Takeaway,200.61
C228,O1400,Takeaway,192.88
C1019,O1401,Delivery,403.04
C911,O1402,Delivery,299.43
C1638,O1403,Takeaway,249.42
C024,O1404,Takeaway,412.46
C1462,O1405,Delivery,413.4
C153,O1406,Delivery,454.5
C1466,O1407,Delivery,378.21
C229,O1408,Delivery,401.6
C1017,O1409,Takeaway,294.05
C1731,O1410,Delivery,388.17
C775,O1411,Takeaway,385.49
C433,O1412,Takeaway,356.34
C431,O1413,Delivery,404.07
C1001,O1414,Takeaway,127.83
C1938,O1415,Takeaway,225.28
C1972,O1416,Takeaway,480.1
C583,O1417,Takeaway,425.17
C326,O1418,Delivery,463.6
C1898,O1419,Takeaway,283.79
C274,O1420,Delivery,286.52
C932,O1421,Delivery,244.58
C1853,O1422,Delivery,480.96
C1463,O1423,Takeaway,444.81
C1920,O1424,Delivery,170.44
C745,O1425,Takeaway,416.19
C1690,O1426,Delivery,215.18
C1056,O1427,Takeaway,459.88
C1758,O1428,Delivery,380.4
C1980,O1429,Delivery,125.8
C1793,O1430,Delivery,480.76
C1710,O1431,Takeaway,490.16
C066,O1432,Delivery,378.18
C187,O1433,Takeaway,150.63
C249,O1434,Takeaway,338.13
C268,O1435,Takeaway,166.61
C769,O1436,Delivery,452.44
C727,O1437,Delivery,492.2
C1002,O1438,Delivery,498.58
C1376,O1439,Delivery,484.81
C211,O1440,Takeaway,270.19
C733,O1441,Takeaway,339.73
C901,O1442,Delivery,492.77
C1736,O1443,Delivery,189.05
C086,O1444,Delivery,201.83
C1490,O1445,Delivery,352.25
C228,O1446,Takeaway,308.3
C802,O1447,Takeaway,138.54
C983,O1448,Takeaway,365.43
C1777,O1449,Takeaway,171.93
C688,O1450,Delivery,394.69
C1764,O1451,Takeaway,352.18
C492,O1452,Takeaway,185.33
C118,O1453,Takeaway,389.54
C833,O1454,Takeaway,125.99
C741,O1455,Takeaway,337.56
C837,O1456,Delivery,484.49
C846,O1457,Takeaway,297.03
C254,O1458,Delivery,260.13
C1522,O1459,Delivery,116.25
C445,O1460,Takeaway,194.14
C1214,O1461,Delivery,490.63
C448,O1462,Takeaway,180.89
C406,O1463,Delivery,310.62
C1142,O1464,Delivery,393.88
C637,O1465,Delivery,200.69
C474,O1466,Takeaway,235.04
C1546,O1467,Delivery,326.61
C230,O1468,Takeaway,185.97
C203,O1469,Delivery,422.95
C133,O1470,Delivery,421.67
C1436,O1471,Takeaway,342.34
C1739,O1472,Takeaway,483.53
C016,O1473,Takeaway,269.63
C904,O1474,Takeaway,430.98
C1401,O1475,Takeaway,413.91
C1689,O1476,Takeaway,117.7
C1606,O1477,Takeaway,189.21
C057,O1478,Delivery,135.03
C1046,O1479,Takeaway,347.24
C017,O1480,Delivery,325.99
C252,O1481,Takeaway,113.58
C654,O1482,Takeaway,403.44
C264,O1483,Takeaway,404.25
C1973,O1484,Takeaway,164.55
C989,O1485,Takeaway,268.79
C1589,O1486,Takeaway,145.59
C500,O1487,Takeaway,165.05
C150,O1488,Delivery,274.68
C1006,O1489,Takeaway,420.04
C1818,O1490,Delivery,339.72
C870,O1491,Takeaway,438.77
C1016,O1492,Takeaway,247.81
C1780,O1493,Delivery,489.55
C205,O1494,Delivery,423.54
C1086,O1495,Delivery,104.49
C1333,O1496,Takeaway,446.08
C021,O1497,Takeaway,212.34
C1538,O1498,Delivery,174.32
C465,O1499,Delivery,252.95
C1900,O1500,Takeaway,480.97
C531,O1501,Takeaway,417.25
C966,O1502,Delivery,421.43
C1696,O1503,Takeaway,396.78
C077,O1504,Takeaway,116.61
C689,O1505,Takeaway,120.75
C651,O1506,Delivery,355.67
C053,O1507,Takeaway,392.29
C356,O1508,Takeaway,320.03
C1759,O1509,Takeaway,328.2
C420,O1510,Delivery,112.01
C1684,O1511,Delivery,139.85
C934,O1512,Takeaway,133.13
C831,O1513,Takeaway,497.92
C966,O1514,Takeaway,328.31
C1880,O1515,Takeaway,104.91
C1597,O1516,Takeaway,476.87
C1625,O1517,Takeaway,464.54
C1534,O1518,Takeaway,314.15
C1038,O1519,Takeaway,451.98
C825,O1520,Takeaway,100.22
C1098,O1521,Delivery,346.81
C568,O1522,Delivery,487.2
C1394,O1523,Delivery,352.95
C969,O1524,Takeaway,252.15
C1339,O1525,Takeaway,146.57
C310,O1526,Takeaway,350.9
C034,O1527,Delivery,476.71
C718,O1528,Delivery,430.08
C982,O1529,Delivery,326.01
C1379,O1530,Takeaway,462.35
C1150,O1531,Takeaway,480.51
C679,O1532,Takeaway,466.1
C442,O1533,Takeaway,439.4
C384,O1534,Delivery,146.6
C253,O1535,Delivery,301.58
C1596,O1536,Delivery,231.12
C1716,O1537,Takeaway,127.57
C062,O1538,Delivery,333.02
C369,O1539,Delivery,249.9
C890,O1540,Takeaway,430.49
C1449,O1541,Takeaway,386.12
C1420,O1542,Delivery,468.89
C1329,O1543,Takeaway,221.96
C836,O1544,Delivery,496.39
C663,O1545,Delivery,118.21
C1788,O1546,Delivery,290.5
C269,O1547,Takeaway,380.08
C418,O1548,Takeaway,340.48
C255,O1549,Takeaway,435.18
C683,O1550,Takeaway,172.97
C374,O1551,Delivery,218.41
C1272,O1552,Delivery,348.34
C1724,O1553,Delivery,435.5
C897,O1554,Takeaway,388.26
C233,O1555,Takeaway,412.38
C198,O1556,Takeaway,425.57
C1921,O1557,Delivery,148.41
C1077,O1558,Delivery,295.18
C626,O1559,Takeaway,180.33
C1707,O1560,Takeaway,183.53
C290,O1561,Delivery,294.64
C1939,O1562,Delivery,236.47
C219,O1563,Delivery,377.61
C1765,O1564,Delivery,400.48
C116,O1565,Takeaway,346.46
C042,O1566,Takeaway,129.35
C395,O1567,Takeaway,411.29
C142,O1568,Takeaway,327.57
C1292,O1569,Takeaway,212.4
C725,O1570,Delivery,266
C273,O1571,Takeaway,343.33
C927,O1572,Delivery,380.7
C755,O1573,Takeaway,260.91
C860,O1574,Delivery,309.54
C1192,O1575,Takeaway,353.47
C1346,O1576,Delivery,343.69
C604,O1577,Takeaway,148.29
C1419,O1578,Delivery,485.43
C274,O1579,Takeaway,450.81
C1266,O1580,Takeaway,437.51
C1610,O1581,Delivery,107.48
C1243,O1582,Takeaway,446.06
C1421,O1583,Takeaway,112.11
C121,O1584,Delivery,353.72
C1533,O1585,Delivery,494.54
C1881,O1586,Takeaway,162.82
C1866,O1587,Takeaway,313.85
C431,O1588,Takeaway,317.64
C1614,O1589,Delivery,127.54
C196,O1590,Takeaway,115.52
C137,O1591,Takeaway,247.73
C246,O1592,Delivery,252.88
C1585,O1593,Takeaway,339.99
C1062,O1594,Delivery,426.16
C1910,O1595,Delivery,453.3
C1001,O1596,Delivery,119.32
C1277,O1597,Delivery,422.04
C1460,O1598,Takeaway,337.6
C469,O1599,Delivery,313.29
C1391,O1600,Takeaway,242.19
C597,O1601,Delivery,239.58
C143,O1602,Takeaway,135.05
C910,O1603,Takeaway,396.93
C532,O1604,Delivery,327.21
C389,O1605,Delivery,220.24
C612,O1606,Takeaway,453.09
C533,O1607,Takeaway,122.3
C1707,O1608,Takeaway,435.46
C1214,O1609,Takeaway,121
C752,O1610,Delivery,405.86
C835,O1611,Delivery,406.57
C1509,O1612,Takeaway,282.66
C167,O1613,Delivery,110.47
C290,O1614,Delivery,301.6
C1403,O1615,Takeaway,322.66
C1512,O1616,Takeaway,430.98
C1644,O1617,Takeaway,293.28
C027,O1618,Delivery,396.17
C1257,O1619,Takeaway,471.95
C1029,O1620,Takeaway,299.69
C1061,O1621,Delivery,493.31
C491,O1622,Delivery,124.31
C1862,O1623,Delivery,120.27
C984,O1624,Delivery,165.5
C684,O1625,Takeaway,306.9
C1583,O1626,Delivery,212.41
C962,O1627,Delivery,111.41
C644,O1628,Takeaway,110.68
C273,O1629,Delivery,432.29
C1666,O1630,Takeaway,420.46
C1580,O1631,Takeaway,493.5
C1235,O1632,Takeaway,165.63
C1328,O1633,Takeaway,245.74
C1136,O1634,Takeaway,474.59
C637,O1635,Takeaway,456.8
C565,O1636,Takeaway,409.9
C1196,O1637,Takeaway,473.78
C1897,O1638,Takeaway,101.58
C177,O1639,Delivery,256.03
C1233,O1640,Delivery,370.44
C563,O1641,Delivery,157.33
C1228,O1642,Delivery,200.78
C1677,O1643,Delivery,480.48
C1594,O1644,Delivery,153.92
C748,O1645,Takeaway,267.83
C1412,O1646,Takeaway,420.33
C1638,O1647,Delivery,424.43
C1282,O1648,Delivery,215.7
C1075,O1649,Takeaway,378.12
C1683,O1650,Delivery,484.19
C1182,O1651,Takeaway,370.51
C471,O1652,Takeaway,114.56
C1227,O1653,Delivery,214.35
C487,O1654,Takeaway,160.93
C668,O1655,Takeaway,225.9
C1086,O1656,Delivery,118.36
C1638,O1657,Takeaway,300.15
C718,O1658,Takeaway,498
C1683,O1659,Takeaway,186.5
C1940,O1660,Takeaway,304.35
C1848,O1661,Takeaway,248.6
C083,O1662,Takeaway,442.13
C1155,O1663,Takeaway,239.35
C038,O1664,Delivery,239.97
C1465,O1665,Delivery,133.92
C013,O1666,Delivery,288.77
C1712,O1667,Delivery,334.42
C024,O1668,Delivery,194.8
C1690,O1669,Delivery,348.05
C278,O1670,Takeaway,442.06
C1445,O1671,Delivery,286.84
C137,O1672,Delivery,311.97
C451,O1673,Takeaway,208.64
C1046,O1674,Delivery,213.7
C288,O1675,Takeaway,270.39
C1484,O1676,Delivery,450.38
C1431,O1677,Takeaway,120.24
C730,O1678,Takeaway,477.93
C820,O1679,Takeaway,122.07
C361,O1680,Delivery,104.54
C1139,O1681,Delivery,225.26
C902,O1682,Delivery,325.09
C239,O1683,Delivery,399.26
C017,O1684,Delivery,302.01
C490,O1685,Takeaway,351.65
C639,O1686,Takeaway,365.4
C1941,O1687,Delivery,470.67
C480,O1688,Takeaway,357.71
C773,O1689,Delivery,473.85
C1445,O1690,Takeaway,176.9
C142,O1691,Delivery,214.07
C1242,O1692,Takeaway,353.93
C1154,O1693,Delivery,489.64
C1887,O1694,Takeaway,318.93
C1520,O1695,Takeaway,392.98
C618,O1696,Takeaway,330.66
C377,O1697,Delivery,277.91
C1646,O1698,Takeaway,433.63
C1487,O1699,Takeaway,250.77
C287,O1700,Takeaway,384.83
C1580,O1701,Takeaway,334.29
C320,O1702,Delivery,371.41
C626,O1703,Takeaway,336.3
C1685,O1704,Delivery,324.74
C1254,O1705,Delivery,347.41
C288,O1706,Takeaway,370.37
C077,O1707,Delivery,305.29
C863,O1708,Delivery,293.85
C269,O1709,Delivery,335.02
C286,O1710,Takeaway,259.97
C1517,O1711,Delivery,422.86
C201,O1712,Delivery,424.39
C1335,O1713,Delivery,339.79
C1636,O1714,Delivery,470.58
C1203,O1715,Delivery,228.88
C064,O1716,Delivery,311.19
C1039,O1717,Delivery,151.49
C949,O1718,Delivery,422.12
C1940,O1719,Delivery,261.19
C1920,O1720,Delivery,385.44
C089,O1721,Delivery,314.17
C1845,O1722,Delivery,301.96
C1421,O1723,Delivery,348.9
C1419,O1724,Delivery,452.65
C954,O1725,Delivery,428.13
C1191,O1726,Takeaway,114.83
C999,O1727,Delivery,265.74
C1898,O1728,Delivery,425.73
C217,O1729,Delivery,197.93
C1993,O1730,Delivery,289.91
C798,O1731,Delivery,219.36
C179,O1732,Delivery,199.72
C697,O1733,Takeaway,204.77
C1906,O1734,Takeaway,379.91
C1221,O1735,Delivery,457.71
C427,O1736,Delivery,356.2
C529,O1737,Delivery,313.14
C876,O1738,Delivery,270.38
C1399,O1739,Delivery,125.34
C670,O1740,Delivery,124.63
C965,O1741,Takeaway,488.79
C1287,O1742,Delivery,332.68
C1020,O1743,Takeaway,463.49
C1924,O1744,Delivery,337.5
C1605,O1745,Takeaway,432.13
C390,O1746,Delivery,336.45
C1755,O1747,Takeaway,252.67
C1523,O1748,Delivery,240.67
C616,O1749,Delivery,424.87
C041,O1750,Delivery,198.76
C964,O1751,Delivery,414.62
C495,O1752,Takeaway,363.03
C1493,O1753,Takeaway,334.02
C1571,O1754,Delivery,440.94
C138,O1755,Delivery,177.71
C439,O1756,Delivery,343.32
C1895,O1757,Takeaway,227.41
C024,O1758,Takeaway,388.3
C1431,O1759,Delivery,389.77
C1723,O1760,Takeaway,369.51
C1274,O1761,Takeaway,268.17
C548,O1762,Takeaway,140.19
C1837,O1763,Delivery,162.88
C825,O1764,Takeaway,219.78
C1855,O1765,Delivery,397.54
C787,O1766,Takeaway,320.95
C1713,O1767,Delivery,199.89
C1896,O1768,Delivery,263.83
C1146,O1769,Delivery,217.11
C264,O1770,Takeaway,481.17
C757,O1771,Delivery,194.57
C1706,O1772,Takeaway,270.42
C1934,O1773,Delivery,174.78
C1593,O1774,Delivery,210.73
C805,O1775,Takeaway,237.72
C660,O1776,Delivery,433.52
C569,O1777,Delivery,323.18
C592,O1778,Takeaway,134.23
C1626,O1779,Takeaway,128.46
C140,O1780,Takeaway,499.47
C1260,O1781,Delivery,190.38
C274,O1782,Delivery,461.68
C912,O1783,Takeaway,400.78
C1690,O1784,Delivery,288.68
C581,O1785,Delivery,180.03
C1135,O1786,Takeaway,410.42
C1799,O1787,Takeaway,360.28
C192,O1788,Takeaway,248.21
C953,O1789,Delivery,110.13
C1104,O1790,Delivery,140.83
C394,O1791,Takeaway,490.64
C494,O1792,Takeaway,126.78
C886,O1793,Takeaway,394.33
C654,O1794,Delivery,232.34
C1784,O1795,Takeaway,305.48
C1046,O1796,Delivery,461.85
C1213,O1797,Delivery,159.41
C1317,O1798,Delivery,310.73
C833,O1799,Delivery,148.87
C360,O1800,Takeaway,186.76
C559,O1801,Takeaway,196.12
C1508,O1802,Takeaway,491.91
C1048,O1803,Takeaway,341.41
C744,O1804,Delivery,330.97
C153,O1805,Delivery,385.91
C494,O1806,Takeaway,143.19
C1624,O1807,Takeaway,392.99
C481,O1808,Takeaway,441.65
C700,O1809,Takeaway,263.72
C1563,O1810,Delivery,259.03
C1783,O1811,Takeaway,151.68
C636,O1812,Delivery,151.78
C1581,O1813,Takeaway,205.2
C1655,O1814,Delivery,321.44
C1528,O1815,Delivery,242.48
C309,O1816,Takeaway,385.55
C092,O1817,Delivery,147.66
C1755,O1818,Takeaway,236.25
C032,O1819,Delivery,144.2
C1818,O1820,Takeaway,423.61
C1326,O1821,Takeaway,246.76
C243,O1822,Takeaway,142.54
C715,O1823,Delivery,385.9
C132,O1824,Delivery,373.35
C264,O1825,Takeaway,201.28
C815,O1826,Delivery,197.88
C1024,O1827,Takeaway,199.28
C001,O1828,Delivery,472.1
C1022,O1829,Delivery,163.02
C856,O1830,Delivery,243.12
C465,O1831,Takeaway,248.62
C837,O1832,Delivery,212.49
C1501,O1833,Takeaway,262.21
C1231,O1834,Delivery,337.5
C647,O1835,Delivery,128.09
C1259,O1836,Delivery,254.47
C1667,O1837,Delivery,192.96
C1865,O1838,Takeaway,158.12
C1734,O1839,Delivery,298.39
C1838,O1840,Delivery,474.05
C923,O1841,Delivery,397.13
C1632,O1842,Delivery,193.38
C1907,O1843,Delivery,438.37
C1638,O1844,Takeaway,131.81
C197,O1845,Takeaway,185.51
C006,O1846,Delivery,142.7
C1773,O1847,Delivery,111.97
C864,O1848,Delivery,346.52
C031,O1849,Delivery,472.61
C1758,O1850,Delivery,154.92
C1379,O1851,Delivery,352.79
C624,O1852,Takeaway,165.26
C1387,O1853,Delivery,189.76
C953,O1854,Delivery,115.5
C1336,O1855,Delivery,409.62
C1986,O1856,Delivery,403.99
C726,O1857,Delivery,285.78
C1174,O1858,Delivery,165.85
C687,O1859,Delivery,286.69
C1360,O1860,Delivery,434.81
C1791,O1861,Takeaway,281.87
C068,O1862,Takeaway,416.96
C1701,O1863,Takeaway,152.85
C530,O1864,Takeaway,456.75
C314,O1865,Delivery,341.28
C852,O1866,Takeaway,332.65
C359,O1867,Takeaway,250.76
C363,O1868,Delivery,336.95
C578,O1869,Delivery,333.62
C624,O1870,Delivery,302.47
C1085,O1871,Delivery,112.21
C1697,O1872,Delivery,397.35
C673,O1873,Delivery,403.85
C773,O1874,Delivery,175.68
C1868,O1875,Delivery,232.77
C1574,O1876,Takeaway,369.73
C1724,O1877,Delivery,226.2
C1894,O1878,Takeaway,451.13
C1293,O1879,Takeaway,201.93
C661,O1880,Takeaway,115.4
C582,O1881,Delivery,147.69
C1692,O1882,Takeaway,283.52
C136,O1883,Takeaway,469.46
C095,O1884,Delivery,424
C1470,O1885,Delivery,425.19
C1439,O1886,Delivery,211.64
C1737,O1887,Takeaway,324.61
C1414,O1888,Delivery,424.18
C1911,O1889,Takeaway,387.03
C1770,O1890,Delivery,112.76
C1582,O1891,Delivery,412.92
C543,O1892,Takeaway,337.89
C437,O1893,Delivery,490.45
C540,O1894,Delivery,356.36
C1835,O1895,Delivery,115.11
C924,O1896,Delivery,326.47
C410,O1897,Delivery,103.51
C733,O1898,Takeaway,299.15
C1557,O1899,Takeaway,449.96
C1638,O1900,Delivery,274.89
C738,O1901,Delivery,122.2
C019,O1902,Delivery,335.15
C126,O1903,Delivery,462.71
C1543,O1904,Takeaway,446.24
C1138,O1905,Delivery,184.33
C635,O1906,Takeaway,444.16
C824,O1907,Takeaway,317.88
C1903,O1908,Takeaway,100.47
C742,O1909,Takeaway,114.9
C1178,O1910,Delivery,311.84
C1090,O1911,Takeaway,315.16
C196,O1912,Takeaway,192.94
C312,O1913,Delivery,117.3
C017,O1914,Delivery,145.37
C670,O1915,Delivery,240.09
C231,O1916,Delivery,372.15
C215,O1917,Delivery,399.6
C1982,O1918,Takeaway,152.03
C1992,O1919,Delivery,422.47
C403,O1920,Delivery,258.49
C1795,O1921,Delivery,462.62
C1951,O1922,Delivery,172.39
C708,O1923,Delivery,351.54
C557,O1924,Delivery,499.6
C1620,O1925,Delivery,355.12
C141,O1926,Takeaway,103.74
C141,O1927,Delivery,134.66
C827,O1928,Delivery,365.4
C772,O1929,Delivery,289.93
C1106,O1930,Delivery,402.8
C750,O1931,Delivery,290.83
C1362,O1932,Takeaway,419.42
C763,O1933,Delivery,393.29
C119,O1934,Delivery,122.61
C1628,O1935,Delivery,130.6
C703,O1936,Delivery,220.65
C1991,O1937,Takeaway,101.3
C699,O1938,Delivery,302.5
C289,O1939,Delivery,205.35
C878,O1940,Takeaway,499.2
C1985,O1941,Takeaway,115.71
C132,O1942,Delivery,334.29
C1008,O1943,Delivery,412.83
C1438,O1944,Delivery,385.58
C703,O1945,Delivery,418.06
C1336,O1946,Takeaway,499.65
C890,O1947,Delivery,222.15
C1081,O1948,Delivery,316.23
C1628,O1949,Takeaway,122.47
C1538,O1950,Takeaway,267.94
C376,O1951,Takeaway,394.27
C1935,O1952,Delivery,380.01
C1157,O1953,Takeaway,106.18
C886,O1954,Takeaway,109.5
C512,O1955,Delivery,182.91
C953,O1956,Takeaway,218.38
C1881,O1957,Takeaway,443
C101,O1958,Delivery,291.83
C1502,O1959,Delivery,149.49
C1817,O1960,Takeaway,174.21
C1496,O1961,Delivery,359.03
C1087,O1962,Takeaway,294.76
C125,O1963,Delivery,279.04
C1658,O1964,Takeaway,497.01
C571,O1965,Delivery,224.47
C1934,O1966,Takeaway,392
C189,O1967,Delivery,282.52
C1907,O1968,Takeaway,370.87
C1920,O1969,Delivery,478.32
C1701,O1970,Takeaway,394.15
C207,O1971,Takeaway,148.35
C015,O1972,Takeaway,361.34
C1652,O1973,Takeaway,274.08
C469,O1974,Takeaway,119.08
C331,O1975,Takeaway,184.73
C1610,O1976,Takeaway,290.33
C439,O1977,Takeaway,263.41
C1836,O1978,Delivery,379.15
C1287,O1979,Delivery,182.35
C252,O1980,Delivery,250.17
C1560,O1981,Takeaway,391.52
C1158,O1982,Takeaway,278.32
C1220,O1983,Delivery,126.23
C1594,O1984,Takeaway,106.75
C589,O1985,Delivery,327
C930,O1986,Delivery,126.75
C809,O1987,Delivery,176.84
C385,O1988,Delivery,265.79
C1825,O1989,Delivery,212.97
C969,O1990,Takeaway,493.52
C1619,O1991,Delivery,323.89
C903,O1992,Takeaway,289.95
C774,O1993,Delivery,147.77
C003,O1994,Takeaway,352.35
C621,O1995,Delivery,245.39
C1215,O1996,Delivery,451.07
C593,O1997,Delivery,424.73
C681,O1998,Delivery,360.88
C1975,O1999,Takeaway,176.72
C1671,O2000,Takeaway,384.23
